id,area_cm2,length_cm,width_cm,centroid_x_px,centroid_y_px
1,14.550619834710744,9.748660694469105,1.706711162220348,455.5227355957031,97.35344696044922
2,0.53099173553719,1.5795454545454546,0.5568181818181818,703.5,1869.5
